Age,BusinessTravel,DailyRate,Department,DistanceFromHome,Education,EducationField,EnvironmentSatisfaction,Gender,HourlyRate,JobInvolvement,JobLevel,JobRole,JobSatisfaction,MaritalStatus,MonthlyIncome,MonthlyRate,NumCompaniesWorked,OverTime,PercentSalaryHike,PerformanceRating,RelationshipSatisfaction,StockOptionLevel,TotalWorkingYears,TrainingTimesLastYear,WorkLifeBalance,YearsAtCompany,YearsInCurrentRole,YearsSinceLastPromotion,YearsWithCurrManager
0.02433725065918879,0.011659447850887017,0.003402665207851485,0.005147744282103184,0.006170595939942514,0.001570280064181584,0.007311690087159373,0.010096582814672295,0.0006308649787176712,0.005235019049840917,0.012597681904495284,0.03603855291352509,0.04362862979240223,0.008517041745785714,0.021591205935196478,0.029954613441472544,0.0026027430900854576,0.012645275472650264,0.03994478048436978,0.00427780150278434,5.999229895636837e-06,0.002446858427317178,0.030273537328501354,0.03113006243581229,0.0072398818683843125,0.00690595718420417,0.03016338735392421,0.020441055520676432,0.0028278987491776597,0.0263529530887755
0.025556887505845366,0.01021868724493691,0.0034696795284727905,0.004605662933014326,0.006379483629212912,0.0007780210069714894,0.003567297926225141,0.0051414861578778425,0.0006497395256985188,0.03642356191672573,0.008320724099943765,0.01847693811079302,0.014904757524559187,0.0043395431839899565,0.014163934643219868,0.03868520888481693,0.0316854931450124,0.004400227142355417,0.04647458714021045,0.05511245098953986,9.689856567991624e-06,0.0012444373604095038,0.01851100717678142,0.09078142703067897,0.003235849353395312,0.004617928135100587,0.04131876742027122,0.021151652333497997,0.0029236290872123798,0.03888643334806272
